{
    "center": {
        "x": 3.2702887825858706,
        "y": 9.255627326374103
    },
    "time": 1567137745.633413
}