{
    "center": {
        "x": 7.151456992587502,
        "y": 6.799499956343247
    }
}{
    "center": {
        "x": 2.087323199677086,
        "y": 5.673325681599483
    }
}{
    "center": {
        "x": -1.5204449219168457,
        "y": 1.8206349172887017
    }
}{
    "center": {
        "x": 7.702472285935745,
        "y": 0.7989109311854998
    }
}{
    "center": {
        "x": 2.039088051635225,
        "y": 6.396637785676033
    }
}{
    "center": {
        "x": 7.731512195095739,
        "y": 4.990663717060563
    }
}{
    "center": {
        "x": 2.1855664167675894,
        "y": 9.641418926911703
    }
}{
    "center": {
        "x": -2.2509128100535407,
        "y": 4.369702856902014
    }
}{
    "center": {
        "x": 1.1719747754854828,
        "y": 1.4075712840530734
    }
}{
    "center": {
        "x": 4.918353421029657,
        "y": 10.247529815453275
    }
}{
    "center": {
        "x": 11.010029109723806,
        "y": 3.9069167410877266
    }
}{
    "center": {
        "x": 8.584819752659396,
        "y": 9.041863065876115
    }
}